date,title,content,source,keywords,url,scraped_at
2025/12/20,精选布鲁克林男子被控涉嫌钓鱼诈骗，盗取 Coinbase 用户 1600 万美元资金,"金色财经报道，布鲁克林地区检察官于周五表示，当地 23 岁居民罗纳德・斯佩克托被控从约 100 名 Coinbase 用户处盗取价值 1600 万美元的加密货币。 
这名网名为 “lolimfeelingevil”（意为 “我正满心恶念”）的男子，被指是一起钓鱼与社会工程诈骗案的幕后黑手。检察官称，斯佩克托冒充 Coinbase 平台客服人员，诱骗用户将加密货币转入其控制的账户。 
检察官还指出，斯佩克托会谎称受害者的数字资产面临被黑客盗取的风险，以此蛊惑受害者上当。据称，他随后通过加密货币混币器、代币兑换服务及加密货币赌博网站，试图对这些非法获取的数字资产进行洗钱。",Jinse,"黑客, 洗钱, 诈骗",https://www.jinse.cn/lives/492414.html,2025-12-20T09:29:52.184307+00:00
2025/12/20,美加密友好参议员Cynthia Lummis将于2027年任期结束后离任,BlockBeats 消息，12 月 20 日，美国参议员 Cynthia Lummis 表示将不再寻求连任，其任期将于 2027 年 1 月结束。作为参议院银行委员会数字资产小组委员会主席，她长期参与国会层面的加密监管立法工作，并与 Kirsten Gillibrand 合作推动建立数字资产监管框架，明确 U.S. SEC 与 CFTC 等机构的监管分工。相关立法目前仍在参议院银行委员会和农业委员会推进中，后续需经参议院全体表决并与众议院版本协调。（The Block）,BlockBeats,监管,https://www.theblockbeats.info/flash/325168,2025-12-20T09:26:41.851654+00:00
2025/12/20,诈骗者通过“转账记录投毒攻击”获得5000万美元后，已迅速转移至Tornado Cash,"金色财经报道，据SlowMist监测，通过“转账记录投毒攻击”获得5000万美元USDT的诈骗者在收到资金后30分钟内开始转移。该诈骗者首先通过MetaMask Swap将5000万美元USDT兑换为DAI，随后将所有DAI兑换为16,690枚ETH，最终将全部资金存入混币服务Tornado Cash。 
此前消息，某用户遭“转账记录投毒攻击”损失约5000万美元。",Jinse,"攻击, 诈骗",https://www.jinse.cn/lives/492431.html,2025-12-20T08:59:41.376181+00:00
2025/12/20,布鲁克林法院对Coinbase客服诈骗案嫌疑人提起诉讼，涉案金额约1600万美元,BlockBeats 消息，12 月 20 日，布鲁克林法院对 Coinbase 客服诈骗案嫌疑人 Ronald Spektor 提起诉讼，涉案金额约 1600 万美元。该嫌疑人涉嫌通过网络钓鱼及社会工程学手段，冒充 Coinbase 客服从 Coinbase 约 100 名用户处盗取近 1600 万美元。 目前其面临 31 项指控，包括一级重大盗窃罪、一级洗钱罪、诈骗计划及其他相关罪名。警方在调查期间查获被告约 10.5 万美元现金及价值 40 万美元的加密货币，地区检察官办公室正追查更多涉嫌被盗的加密货币资产。,BlockBeats,"被盗, 盗窃, 洗钱, 诈骗",https://www.theblockbeats.info/flash/325191,2025-12-20T08:58:24.759876+00:00
2025/12/20,Nic Carter：量子计算距离破解比特币仅剩「工程性难题」，170万枚比特币面临被攻击风险,BlockBeats 消息，12 月 20 日，智能合约之父、Castle Island Ventures 联合创始人 Nic Carter 发布长文表示，著名量子理论家和学者斯科特·阿伦森（Scott Aaronson）研究显示， 量子计算距离破解比特币仅仅是一个「极其困难」的工程难题，而不是需要新的基础物理学发现。 Nic Carter 指出，理论上，比特币可以进行软分叉，并采用「后量子」（PQ）签名方案。目前确实存在一些抗量子加密签名方案。但主要问题在于如何确定具体的后量子方案、组织软分叉，以及如何费力地将数千万个拥有余额的地址全部迁移过去。因此， 比特币防范量子计算破解所需的缓解措施可能需要近十年时间。 此外，由于大量易受攻击的比特币都存放在废弃地址中，而这些地址的所有者根本无法被强制转移他们的比特币，因此即使比特币升级到后量子签名， 它仍然面临着 170 万枚比特币被量子攻击者突然窃取的风险。 比特币不仅需要以有序且及时的方式进行升级，而且 比特币持有者还必须集体同意扣押这 170 万枚比特币才能消除这种风险——这在比特币历史上是前所未有的。 由此， Nic Carter 敦促并呼吁比特币社区和开发者尽快采取缓解措施，而不是用冷漠和过分乐观的态度看待量子计算威胁。,BlockBeats,攻击,https://www.theblockbeats.info/flash/325194,2025-12-20T08:58:24.175184+00:00
2025/12/20,中国沈阳警方破获跨境非法换汇案，涉比特币、泰达币等虚拟货币「对敲」交易,BlockBeats 消息，12 月 20 日，据新华网报道，一条美方通报的中国籍人员佟某某涉嫌为毒贩洗钱线索引起了我国警方高度重视，为查明真相，公安部部署辽宁省公安厅开展核实工作并在湖北武汉将企图潜逃出境的佟某某、陈某某当场抓获，两人已于今年九月被判处有期徒刑并处罚金。 据悉，佟某某主要通过「对敲」方式通过境内银行卡实施非法买卖外汇金额合计 1600 余万元人民币， 并在部分业务中指使境内人员购买比特币、泰达币等虚拟货币并转售给境外人员以换取美元现金 。侦查工作中警方同时发现一些不法分子在大额现金存取、虚拟货币交易等方面规避美方监管，目前已通过中美反洗钱合作沟通渠道反馈美方并就在反洗钱领域加强执法合作达成共识。,BlockBeats,"执法, 监管, 洗钱",https://www.theblockbeats.info/flash/325199,2025-12-20T08:58:23.567866+00:00
2025/12/10,Vitalik：以太坊偶发“失去最终性”并不构成严重风险,金色财经报道，Vitalik Buterin 称以太坊偶发“失去最终性”并不构成严重风险，关键是避免“错误最终化”。此次由 Prysm 客户端漏洞引发的最终性延迟下，链仍可正常运行。以太坊专家 Fabrizio Romano Genovese 表示，最终性暂失时以太坊更类似比特币，其最终性为概率型；以太坊规则为：区块获超 66% 验证者投票即“Justified”，再过两轮 Epoch（64 区块）即“Finalized”。他指出该情况曾在 2023 年 5 月发生。Polygon 称跨链与 L2 相关转账将等待最终性，存款可能延迟，但不会回滚或消息失效。,Jinse,"比特币, 以太坊",https://www.jinse.cn/lives/490946.html,2025-12-10T14:20:51.881924+00:00
2025/12/10,精选何一：将向因微信被盗而亏损的用户空投BNB,金色财经报道，币安联合创始人Yi He微信账号于近日被盗，导致部分信任其朋友圈信息的用户购买某meme币而遭受损失。Yi He已宣布将个人拿出一定数量的BNB，对在账号被盗期间通过币安无私钥钱包及Alpha平台交易该meme币并产生亏损的用户进行补偿，空投将在24小时内完成。,Jinse,币安,https://www.jinse.cn/lives/490953.html,2025-12-10T14:20:49.194821+00:00
2025/12/10,何一：将向因微信被盗受影响用户追加BNB空投,BlockBeats 消息，12 月 10 日，Binance CEO 何一发文更新微信被盗事件称，「今天凌晨我不常用的微信被盗，一些看了朋友圈、微信信息的用户因为对我的信任盲目买入这个 meme coin 产生亏损，我觉得非常痛心，所以我个人将会拿出一些 BNB，给在我微信被盗时间段内使用 binance 无私钥钱包及 Alpha 平台交易该 meme coin 绝对亏损用户进行空投，空投将会在 24 小时内发放完毕。 我本人、官方账号和币安员工不会推荐任何 meme coin，这种内容并没有长期的生命力，代币也没有价格支撑，希望大家注意甄别网络信息，更希望大家能进行负责的投资行为，以后发生不会有类似的补贴发放哦。」,BlockBeats,"Binance, 币安, 价格, 代币",https://www.theblockbeats.info/flash/323859,2025-12-10T14:20:19.233423+00:00
2025/12/10,IoTeX受邀出席华盛顿政策峰会，高层对话SEC主席Paul Atkins,"BlockBeats 消息，12 月 10 日，IoTeX 团队以 Blockchain Association DePIN 工作组主席的身份，受邀出席华盛顿政策峰会。团队与多位重量级政策制定者深度对话，其中包括美国证券交易委员会 SEC 主席 Paul Atkins、参议员 Bill Harley、众议员 Haley Stevens 等。 本次峰会聚焦加密市场结构、稳定币以及现实世界资产（RWA）等核心议题。IoTeX 联合创始人 Jing 在与 SEC 主席 Atkins 的交流中提出，机器网络和人工智能正在开创新经济。DePIN 和 RWA 的链上代币化不仅能帮助美国开放资本准入、缓解 AI 革命中的能源短缺，还能让普通民众参与到新经济中，进而推动稳定币的大规模应用。针对加密资产监管，SEC 主席 Atkins 释放积极信号，他表示包括 DePIN 网络和数字工具在内的绝大多数 Tokens 都不会被归为证券, ICO 募资有望在美国重启。Atkins 进一步透露，SEC 明年将推进代币分类与创新豁免机制，以提供更清晰的监管路径。 当前全球监管框架加速形成，IoTeX 深入参与政府高层对话，致力于推动基于技术创新的合规进程，助力美国在去中心化基础设施与 AI 领域的数字货币进展保持引领地位。",BlockBeats,"监管, 合规",https://www.theblockbeats.info/flash/323779,2025-12-10T06:23:47.15805+00:00
2025/12/09,USDT获阿布扎比监管认定为「法币参考代币」,BlockBeats 消息，12 月 9 日，据 Cointelegraph 报道，Tether 发行的 USDT 在阿布扎比全球市场（ADGM）获得「法币参考代币」资格认证，意味着获许可机构可在受监管框架内开展涉及 USDT 的交易、托管等服务。该资格是 USDt 在阿布扎比监管体系中的关键进展，将进一步扩大其在跨境结算、机构托管与支付场景中的应用空间。,BlockBeats,监管,https://www.theblockbeats.info/flash/323550,2025-12-10T03:27:54.302061+00:00
2025/12/09,加拿大税务局称40%加密用户存在逃税风险,BlockBeats 消息，12 月 9 日，加拿大税务局（CRA）表示，约 40% 使用加密平台的纳税人存在逃税或高风险不合规行为。CRA 在一封电邮声明中称，其加密资产审计团队共有 35 名审计员，正处理逾 230 个相关案件，过去三年已通过审计「追回超过 1 亿加元税款」。 CRA 承认，加拿大现行法律在识别加密资产用户方面存在明显局限，监管机构「无法可靠识别加密用户并评估其纳税合规性」。因此，CRA 多次试图要求平台披露用户数据，其中包括向 Dapper Labs 索取其排名前 1.8 万名用户的数据，但最终在律师与官员的协商下，仅获得 2500 名用户资料。,BlockBeats,"监管, 合规",https://www.theblockbeats.info/flash/323561,2025-12-10T03:27:53.189662+00:00
2025/12/09,加州一男子承认为涉案金额达2.63亿美元加密诈骗团伙洗钱,"BlockBeats 消息，12 月 9 日，据 The Block 报道，美国司法部今日宣布，22 岁的加州男子 Evan Tangeman 已认罪，承认为涉案金额达 2.63 亿美元加密诈骗团伙洗钱，他为该诈骗团伙洗钱逾 350 万美元。司法部表示，Tangeman 是此次调查中第九名认罪的被告。 该组织自 2023 年 10 月至 2025 年 5 月 期间实施诈骗行动。共盗取约 4,100 枚比特币，当时价值 2.63 亿美元，按当前价格计算则约为 3.71 亿美元。 该团伙由黑客、组织者、目标识别者、电话行骗者，以及专门盗窃硬件钱包的入室窃贼组成，并利用被盗数据库挑选攻击对象。黑客入侵网站和服务器获取加密货币相关数据库，而目标识别者则利用这些数据筛选最有价值的受害者。",BlockBeats,"黑客, 被盗, 攻击, 盗窃, 洗钱, 诈骗",https://www.theblockbeats.info/flash/323566,2025-12-10T03:27:52.637214+00:00
2025/12/04,Polymarket 美国合规路最后阶段，激进交易员搏百倍反转,BlockBeats 消息，12 月 4 日，据 PolyBeats 监测，目前，市场「Polymarket 是否会在 2025 年在美国本土上线？」已被第二次争议结算，下一步或将面临最终的去中心化验证机制（DVM）审议。该平台经历了从被监管机构封禁到最终获得许可的戏剧性回归。该市场自 7 月创立以来波动幅度一直较大，一度从 9 月份的 99% 跌至 11 月的 67%。自平台在 2022 年被美国商品期货交易委员会（CFTC）封锁后，其团队一直在寻找各种渠道方式解决本土合规解决方案，并在今年 11 月 25 日获得指定合约市场（DCM）的身份为美国用户提供合规交易。 昨日，Polymarket 官号发帖称：「排除万难，Polymarket 的美国应用程序正在向候补名单用户推出。」伴随部分候补名单用户分享可以进行真金白银交易的零星截图，该市场立即被推向「Yes」的结算流程，概率瞬间从 84% 飙升至 99%。然而，由于该市场对「公开上线」的定义存在争议，盘口在经历两次争议后，已被推送至最终仲裁机构 UMA 的去中心化验证机制进行最终审议。 目前，反方的核心争议点在于：官方仍在宣布「候补名单正在推出中」，这不满足规则中要求的「公开放在一个对公众开放的平台上的真金白银交易」条件。因此，有许多交易者正在「低价搏反转」，以低于 1 美分的价格买入「No」：一旦 UMA 裁定「候补名单不等于公开上线」，即可获得超 100 倍的超高收益。有反方评论指出，Polymarket 必须谨慎处理本盘口的结算：介于回国美国的关键节点，如果平台因规则问题导致结算失误，或将被监管机构解读为平台治理和规则执行能力存在缺陷，这不仅会严重损害平台的声誉，更可能影响其未来在 DCM 框架下进行全面业务扩张的步伐。,BlockBeats,"监管, 合规",https://www.theblockbeats.info/flash/323499,2025-12-10T03:27:49.57373+00:00
2025/12/09,突发：泰国柬埔寨边境冲突进行中，冷门预测市场反应缓慢,突发：泰国柬埔寨边境冲突进行中，冷门预测市场反应缓慢 2025-12-09 07:51 据 PolyBeats 监测，昨日，柬埔寨 Telegram 和 Facebook 上有未验证的影像显示泰国 F-16 战机对柬埔寨目标发动了空袭。随后，泰国军方证实，在边境冲突导致一名泰国士兵死亡后，泰方采取了「报复性打击」。这一消息直接导致预测市场「泰国是否会在 12 月 31 日前袭击柬埔寨？」的概率在昨日上午 8 点至 10 点间的 2 小时内由 28% 暴涨，随后该市场结算为「是」。 由于地缘冲突快速升级，Polymarket 于一小时前上线盘口「泰国是否会在 12 月 9 日袭击柬埔寨？」，该盘口设有每日结算的市场，但初期交易量极低。就在盘口发布不久，网络再次出现最新的影像和报道：曼谷邮报在社交媒体上发布消息称，泰国皇家陆军确认一架 F-16 战机已摧毁了一个被柬埔寨用作无人机控制站的赌场，目前空军正在瞄准威胁泰国社区的火箭基地。受此消息影响，12 月 9 日的选项在一小时内由 37% 飙升至目前 62%。由于交易量低，目前该盘口仍未结算。,BlockBeats,突发,https://www.theblockbeats.info/flash/323635,2025-12-10T03:23:28.220386+00:00
2025/12/09,新币ELONREAPER：马斯克化身「监管死神」横扫官僚主义,"新币ELONREAPER：马斯克化身「监管死神」横扫官僚主义 2025-12-09 05:56 据 Trend News 监测，知名加密 kol @cb_doge 近期发布一张爆火 meme，Elon Musk 被塑造成手持镰刀、笑容诡异的死神形象，画面中他一刀劈开贴有美国/EU 旗帜的「Bureaucracy（官僚主义）」之门，并配上讽刺版奥本海默名言「I am become Meme, Destroyer of Bureaucracy」，意指用 meme 作为武器清除繁文缛节，引发大量转发与刷屏。 这张图发布的时间恰到好处，就在本月，外媒刚证实政府效率部（Department of Government Efficiency，DOGE）提前解散，这一曾号称大砍 $2T 联邦开支的改革机构也迅速走到尽头，而近期欧盟的罚款行为也被多方诟病。Meme 借此讽刺「雷声大雨点小」的改革宿命，又成为反官僚群体的情绪出口。以监管死神为核心的代币 $ELONREAPER 也在链上响应，15 个同名代币在 1 小时内成交额达 230k。",BlockBeats,监管,https://www.theblockbeats.info/flash/323609,2025-12-10T03:23:27.598864+00:00
2025/12/09,新币ICE：美国移民执法局救助被虐待小狗并收养，取名「ICE」,"新币ICE：美国移民执法局救助被虐待小狗并收养，取名「ICE」 2025-12-09 05:24 据 Trend News 监测，12 月 9 日，美国佛罗里达州州长 Ron DeSantis 今日在 X（@GovRonDeSantis 和 @RonDeSantis）使用他的两个社媒账号（共计 870 万粉丝）发文，讲述了一只在南佛罗里达州移民执法行动中被救出的小狗故事。该小狗此前遭受虐待、营养不良并被遗弃，由佛罗里达公路巡警在行动中解救。随后，它被州移民执法执行主任收养，并取名为「ICE」（意指移民及海关执法局，ICE）。照片中，这是一只白色为主、带有棕色斑点的小型犬，戴着绿色项圈。 该推文迅速引发关注，目前获赞超 2000 次，转发超 200 次。并被拥有 180 万粉丝的记者转发 (x:@LauraLoomer) 共识最高的代币 1h vol 高达 600k，mc 高达 300k, 超过 800 个持有者以及 7 位 kol 购买。",BlockBeats,执法,https://www.theblockbeats.info/flash/323601,2025-12-10T03:23:27.017352+00:00
2025/12/09,BiyaPay分析师：香港数字资产龙头HASHKEY HLDGS启动招股，将于12月17日上市,BlockBeats 消息，12 月 9 日，HASHKEY HLDGS 今日启动招股，计划全球发售约 2.41 亿股，预计 12 月 17 日在港交所主板挂牌，一手认购金额约 2808.04 港元。公司定位为持牌数字资产平台，业务涵盖交易撮合、链上服务及资产管理，已搭建支持 RWA 代币化的 HashKey 链。2024 年度收入增至约 7.21 亿港元，研发布局持续加码。按发售价中位数 6.45 港元计，集资净额约 14.26 亿港元，将主要用于技术与基础设施升级及全球扩张。BiyaPay 分析师指出，HASHKEY HLDGS 体现合规数字资产平台「由交易走向基础设施」的趋势，看好其在亚洲监管友好环境下的长期成长空间。投资者可通过 BiyaPay 使用 USDT 便捷配置美股港股期货及数字资产，把握板块发展机会。,BlockBeats,"监管, 合规",https://www.theblockbeats.info/flash/323648,2025-12-10T03:23:22.814299+00:00
2025/12/09,欧盟拟将加密货币公司纳入ESMA监管，计划2027年启动资本市场一体化改革,BlockBeats 消息，12 月 9 日，欧盟金融服务业委员玛丽亚·路易斯·阿尔布开克周二表示，欧盟希望能在 2027 年前开始实施其资本市场一体化一揽子改革方案，首次就该改革的时间表提供了指引。新提案仍需获得欧洲议会和欧盟理事会的批准，而部分成员国对此持强烈反对态度。集中监管权力将使重要的清算所、中央证券存管机构和交易平台纳入 ESMA 的管辖范围，加密货币公司也将受 ESMA 监管。(金十),BlockBeats,监管,https://www.theblockbeats.info/flash/323662,2025-12-10T03:23:21.311849+00:00
2025/12/10,《CLARITY法案》预计本周公布草案，下周举行听证会并进行投票,BlockBeats 消息，12 月 10 日，纽约州民主党参议员 Kirsten Gillibrand 和怀俄明州共和党参议员 Cynthia Lummis 在华盛顿特区举行的区块链协会政策峰会上介绍了美国国会将在全面监管加密货币行业方面迈向何方。Cynthia Lummis 表示，目标在本周末前公布《CLARITY 法案》（市场结构法案）草案，并在下周举行听证会，对法案进行修改并投票。民主党和共和党正在持续进行谈判，上周举行了第一次两党会议，进展非常顺利。「没有任何东西阻碍这项法案。」 美国国会多年一直试图推动更广泛的加密货币市场结构法案，但进展缓慢。今年夏天，众议院在 7 月通过了其版本的《数字资产市场清晰法案》（简称 Clarity），为立法带来了新动力。参议院此后也开始推进类似法案。参议院银行委员会已经有一份草案，目标明确美国证券交易委员会（SEC）和商品期货交易委员会（CFTC）之间的监管权限划分，并创造一个新术语「附属资产」（ancillary assets），以澄清哪些加密货币不属于证券。与此同时，参议院农业委员会上个月也发布了其草案，拟赋予 CFTC 更多新权力。,BlockBeats,监管,https://www.theblockbeats.info/flash/323732,2025-12-10T03:10:30.26236+00:00
2025/12/10,SEC主席重申多种类型代币ICO应被视为非证券交易，不纳入SEC监管,BlockBeats 消息，12 月 10 日，据 Decrypt 报道，SEC 主席 Paul Atkins 在区块链协会年度政策峰会上表示，多种类型的 ICO 应被视为非证券交易，因此不属于 SEC 监管范围。 Atkins 提及其上月推出的 代币分类法 ，将加密货币行业分为四个主要代币类别，其中网络代币、数字收藏品和数字工具本身不应被视为证券，相关 ICO 也应被视为非证券交易。Atkins 指出，SEC 应监管的唯一 ICO 类别是代币化证券，即已受 SEC 监管的证券在链上进行的代币化交易。,BlockBeats,监管,https://www.theblockbeats.info/flash/323735,2025-12-10T03:10:29.663013+00:00
2025/12/10,余弦：Zcash并不默认强制隐私，平衡设计更受监管理解,BlockBeats 消息，12 月 10 日，慢雾创始人余弦发文评价「 Arkham 对 Zcash（ZEC）超半数交易去匿名化处理 」，很高比例的 Zcash 交易可以被追踪，并不是什么新鲜事，上上轮周期隐私币概念火热时，Zcash 便是如此，并不是默认强制隐私，而是用户可以选择，比如地址 z 开头为强隐私，而 t 开头的是透明可被追踪地址。这种设计让 Zcash 比门罗币 XMR(Monero) 这种默认强隐私的隐私币来说，更受监管理解。 当前主流平台的 Zcash 地址几乎都是 t 开头，可见真正在意隐私的群体非常非常小，迎合监管才是平台出路。相较于真硬核的门罗币，Zcash 的隐私设计平衡较好，路可能可以走的更宽。,BlockBeats,监管,https://www.theblockbeats.info/flash/323736,2025-12-10T03:10:29.090873+00:00
2025/12/10,CZ：何一微信被盗，请勿购买黑客发布的Meme币,BlockBeats 消息，12 月 10 日，CZ 发文表示，「何一微信账户被盗，请不要购买黑客发布的任何 meme 币。Web2 社交媒体的安全性并没有那么强。大家注意安全。」,BlockBeats,"黑客, 被盗",https://www.theblockbeats.info/flash/323765,2025-12-10T03:10:26.106118+00:00
2025/12/10,盗取何一微信黑客通过交易Mubarakah获利约5.5万美元,"BlockBeats 消息，12 月 10 日，据 Lookonchain 监测，黑客盗取了何一的微信账号，并借此发布关于 Mubarakah 的内容，导致该代币价格被快速拉高。 链上数据显示，黑客大约在 7 小时前创建了两个新钱包（0x6739 和 0xD0B8），并花费 19,479 USDT 买入 2116 万枚 Mubarakah。 在拉盘结束后，黑客已经卖出 1195 万枚 Mubarakah，获得 43,520 枚 USDT，目前仍持有 921 万枚 Mubarakah（约 3.1 万美元）。黑客本次操作总计获利约 5.5 万美元。",BlockBeats,黑客,https://www.theblockbeats.info/flash/323770,2025-12-10T03:10:25.539534+00:00
2025/12/09,Stripe与Paradigm孵化的支付公链Tempo向公众开放，并新增Kalshi、瑞银为合作伙伴,BlockBeats 消息，12 月 9 日，据彭博社报道，Stripe 与加密风险投资公司 Paradigm 正式启动双方联合区块链项目 Tempo 的公开试点，向所有希望构建真实世界稳定币支付应用的公司开放该网络，并新增 Kalshi、瑞银为合作伙伴。 在快速增长的加密市场板块中，Stripe 只是众多宣布稳定币相关试点、合作或商业化计划的金融机构、零售商和创业企业之一。稳定币关注度在美国总统唐纳德·特朗普的第二任期内迅速升温，而特朗普政府也积极推动联邦监管框架的完善，使这类通常与美元等现实资产挂钩的代币获得更明确的监管环境。,BlockBeats,监管,https://www.theblockbeats.info/flash/323704,2025-12-10T03:10:20.723746+00:00
2025/12/09,TEST: 加密货币交易所遭受黑客攻击,测试文章：某交易所今日遭受黑客攻击，损失惨重。这是一个测试文章。,BlockBeats,"黑客, 攻击",https://test.com/article-2025-12-09,2025-12-09T09:42:37.881697+00:00
2025/12/08,中国互联网金融协会等七部门发布关于防范涉虚拟货币等非法活动的风险提示,金色财经报道，中国互联网金融协会等七部门发布关于防范涉虚拟货币等非法活动的风险提示，“近期，与虚拟货币相关的概念快速升温，一些不法分子借机鼓吹有关交易炒作活动，打着稳定币、空气币（π币等）、现实世界资产（RWA）代币、“挖矿”的幌子开展非法集资、传销诈骗等非法活动，并使用虚拟货币转移违法犯罪所得，严重侵害了社会公众的财产安全，扰乱经济金融正常秩序。为进一步贯彻落实中国人民银行、金融监管总局、中国证监会等部门发布的《关于防范代币发行融资风险的公告》《关于进一步防范和处置虚拟货币交易炒作风险的通知》等要求，落实打击虚拟货币交易炒作工作协调机制会议精神，中国互联网金融协会、中国银行业协会、中国证券业协会、中国证券投资基金业协会、中国期货业协会、中国上市公司协会、中国支付清算协会联合就有关风险提示”。,Jinse,"监管, 诈骗",https://www.jinse.cn/lives/490242.html,2025-12-08T16:28:37.888867+00:00
2025/12/08,币安合约将下架SKATEUSDT、REIUSDT、FISUSDT和VOXELUSDTU本位永续合约,金色财经报道，币安合约将于2025年12月10日17:00对SKATEUSDT、REIUSDT、FISUSDT和VOXELUSDTU本位永续合约进行自动清算，并在清算结束后下架上述永续合约交易对。建议用户在停止交易前自行平仓，以避免头寸自动清算。,Jinse,下架,https://www.jinse.cn/lives/490239.html,2025-12-08T16:28:37.095761+00:00
2025/12/08,土耳其 Paribu 收购CoinMENA，交易估值最高达 2.4 亿美元,金色财经报道，土耳其数字资产平台 Paribu 宣布收购中东北非地区（MENA）最大本地加密货币交易所 CoinMENA，交易估值最高达 2.4 亿美元。通过此次收购，Paribu 将从土耳其本土市场扩展至加密货币采用率较高的 MENA 地区，并获得迪拜虚拟资产监管局（VARA）和巴林央行颁发的两个有效数字资产牌照。,Jinse,"监管, 牌照",https://www.jinse.cn/lives/490218.html,2025-12-08T16:28:35.571447+00:00
2025/12/08,精选美国金融业监管局：美国投资者对加密货币投资意愿下降,"金色财经报道，据Cointelegraph报道，美国金融业监管局（FINRA）研究显示，尽管持有加密货币的投资者比例在2021至2024年间维持27%不变，但考虑增持或首次购买加密货币的投资者从2021年的33%降至2024年的26%。 
高风险投资者占比从2021年下降4个百分点至8%，35岁以下投资者降幅最大，骤降9个百分点至15%。FINRA认为，利率、通胀和经济不确定性促使投资者转向更安全资产。 
调查覆盖2861名投资者和25539名成年人，发现66%受访者视加密货币为高风险投资(2021年为58%)。然而，三分之一投资者认为需要承担高风险才能实现财务目标，35岁以下受访者中这一比例达50%。 
新进投资者步伐也明显放缓，仅8%投资者在过去两年入市，远低于2021年的21%。FINRA总结称，整体呈现更谨慎态度和行为的温和趋势。",Jinse,监管,https://www.jinse.cn/lives/490216.html,2025-12-08T16:28:34.818677+00:00
2025/12/08,美国DTCC调查：72%的受访者将全球需求和监管势头列为延长交易时间的首要驱动因素,金色财经报道，据市场消息：美国存管信托和结算公司（DTCC）的调查显示，72% 的受访者将全球需求和监管势头列为延长交易时间的首要驱动因素，而加密货币市场 24 小时不间断交易的特性对这一需求产生了影响。,Jinse,监管,https://www.jinse.cn/lives/490215.html,2025-12-08T16:28:34.041401+00:00
2025/12/08,欧盟寻求将加密货币监管权转移至欧洲证券及市场管理局,欧盟寻求将加密货币监管权转移至欧洲证券及市场管理局,BlockBeats,监管,https://www.theblockbeats.info/flash/323182,2025-12-08T16:28:32.506286+00:00
2025/12/08,Binance合约将下架SKATE等多个U本位永续合约,Binance合约将下架SKATE等多个U本位永续合约,BlockBeats,下架,https://www.theblockbeats.info/flash/323169,2025-12-08T16:28:31.476303+00:00
2025/12/08,Bunni攻击者地址向TornadoCash存入 2295.8枚ETH,Bunni攻击者地址向TornadoCash存入 2295.8枚ETH,BlockBeats,攻击,https://www.theblockbeats.info/flash/323156,2025-12-08T16:28:30.373943+00:00
2025/12/02,中国山西法院破获涉USDT诈骗案，两从犯被从重量刑,BlockBeats 消息，12 月 2 日，中国山西省太原市万柏林区检察院近日对提起公诉的陈某、李某掩饰、隐瞒犯罪所得案一审宣判，法院采纳检察机关的量刑建议，对二人分别判处有期徒刑二年六个月、一年六个月，各并处罚金。 今年 5 月，张女士在短视频平台结识了「林浩」(未归案)，「林浩」谎称其战友任职某知名公司，掌握该公司股票涨跌信息，可通过公司内部网站注册账户「买涨」获利 (宣称每期收益 5%)，但需以美元交易，而且要与指定商家用现金兑换美元，再转至其战友的美元账户，由战友转入公司账户。 5 月 21 日，张女士按「林浩」指示，携带 147 万元现金至万柏林区某酒店准备兑换美元。受上家指使，陈某、李某前去与张女士对接。张女士将「林浩」提供的美元账户 (实为诈骗分子的泰达币账户) 通过陈某转发给上家，后者分三次转入 202328 泰达币 (折合人民币约 147 万元) 至该账户。后陈某、李某将从张女士处收取的 147 万元现金交给上家。但「林浩」未按约定将钱款转入张女士在公司开设的账户，张女士发现被骗后报警。 办案检察官第一时间阅卷并与侦查人员会商， 针对犯罪嫌疑人陈某、李某的行为定性提出核心侦查方向：调取聊天记录，固定二人「明知资金异常」的证据；厘清资金流转链路，通过虚拟货币交易平台数据，溯源泰达币最终流向，印证其协助转移犯罪所得的客观事实。 公安机关经侦查后于 8 月 17 日将该案移送万柏林区检察院审查起诉。 该院经审查认为，陈某、李某均供述「 知道资金操作太隐蔽，且系大额现金交易，肯定有问题 」，二人在事后收取了 3 万元好处费，这足以认定二人明知是犯罪所得； 二人协助完成「现金→美元→泰达币」跨境转换的行为，属于「掩饰、隐瞒犯罪所得」的实行行为。 案件宣判后，该院向相关单位制发风险提示函，梳理「投资骗局+虚拟货币洗钱」的典型特征，并联合反诈中心等相关单位开展反诈宣讲活动。万柏林区检察院检察长孙寅平表示，针对新型电信网络诈骗关联犯罪，该院将持续深化「侦检协同+精准指控+社会治理」机制，既打击诈骗犯罪也严惩犯罪「帮凶」，全力守护群众财产安全。（正义网）,BlockBeats,"洗钱, 诈骗",https://www.theblockbeats.info/flash/322643,2025-12-08T06:42:04.603203+00:00
2025/12/02,Anthropic模拟测试中AI Agents发现460万美元智能合约漏洞,BlockBeats 消息，12 月 2 日，Anthropic 最新研究显示，AI Agents 具备可观的链上攻击能力：在对 2020–2025 年真实被黑的智能合约进行模拟测试中，Claude Opus 4.5、Sonnet 4.5 与 GPT-5 共计复现价值约 460 万美元的漏洞利用；在扫描 2849 个尚无已知漏洞的合约时，两模型还挖出 2 个全新零日漏洞并成功模拟获利。 研究指出，AI 的链上攻击收益在过去一年中约每 1.3 个月翻倍，技术上已完全具备自主、盈利的漏洞利用能力。,BlockBeats,"漏洞, 攻击",https://www.theblockbeats.info/flash/322648,2025-12-08T06:42:03.906708+00:00
2025/12/02,OKX将下架ACA、CLV、FOXY、PSTAKE和RACA现货交易对,BlockBeats 消息，12 月 2 日，OKX 将下架 ACA、CLV、FOXY、PSTAKE 和 RACA 现货交易对。OKX 已于 2025 年 12 月 2 日 16:00 (UTC+8) 暂停上述币种的充值操作，提现将在 2026 年 3 月 2 日 16:00 (UTC+8) 暂停。,BlockBeats,下架,https://www.theblockbeats.info/flash/322692,2025-12-08T06:42:00.056021+00:00
2025/12/02,波兰否决监管严格的《加密资产市场法案》,BlockBeats 消息，12 月 2 日，据 Cointelegraph 报道，波兰总统 Karol Nawrocki 否决了监管严格的《加密资产市场法案》，引发加密货币社区赞扬和政府强烈批评。波兰总统府表示，该法案条款「真正威胁到波兰人的自由、财产和国家稳定」。 否决的主要原因包括：允许当局轻易封锁加密货币网站的条款存在滥用风险；法案过于复杂导致过度监管；过高的监管费用可能阻碍初创企业发展，有利于外国公司和银行。波兰总统表示，过度监管将推动企业转向捷克、立陶宛或马耳他，而非在波兰经营纳税。,BlockBeats,监管,https://www.theblockbeats.info/flash/322710,2025-12-08T06:41:57.999052+00:00
2025/12/02,俄罗斯央行证实或将放宽加密货币监管规则,BlockBeats 消息，12 月 2 日，俄罗斯财政部副部长伊万·切别斯科夫告诉当地媒体，金融当局准备放弃排他性的监管定义，俄罗斯此前只允许一小部分「资质极高」的投资者接触比特币及其衍生品等加密货币。俄罗斯央行现在认为「有可能」放宽目前限制受制裁国家内加密货币交易的法规，货币当局正在与财政部商讨此事。在制裁压力下，俄罗斯金融监管机构正在改变对加密货币的态度。,BlockBeats,监管,https://www.theblockbeats.info/flash/322713,2025-12-08T06:41:57.34403+00:00
2025/12/03,专家观点：稳定币难成货币市场主流,BlockBeats 消息，12 月 3 日，东盟中日韩宏观经济研究办公室（AMRO）首席经济学家何东表示，由非银行机构发行的稳定币不具备创造货币的能力，在服务实体经济方面能力有限，因此长远来看难以成为货币市场主流。 同时，中国人民银行也指出稳定币具有洗钱和诈骗风险。目前全球多个地区正在研究发展数字货币，包括央行、银行及非银金融机构都在推出不同的新式支付工具。,BlockBeats,"洗钱, 诈骗",https://www.theblockbeats.info/flash/322783,2025-12-08T06:41:56.267739+00:00
2025/12/03,Binance将下架ACH/BTC、W/BTC等现货交易对,BlockBeats 消息，12 月 3 日，据官方消息，Binance 将于 2025 年 12 月 05 日 11:00（东八区时间）下架 ACH/BTC、DENT/ETH、EGLD/FDUSD、HAEDAL/BNB、INIT/FDUSD、PORTAL/BNB、PORTAL/BTC、PROVE/FDUSD、QTUM/BTC、RIF/BTC、SHELL/FDUSD、STRAX/BTC、TREE/FDUSD、WAXP/BTC 和 W/BTC 现货交易对并停止交易。,BlockBeats,下架,https://www.theblockbeats.info/flash/322811,2025-12-08T06:41:54.922179+00:00
2025/12/03,分析师：监管与机构利好等因素推动加密市场反弹，但市场情绪依然保持谨慎,BlockBeats 消息，12 月 3 日，CoinDesk 分析师 Shaurya Malwa 表示尽管加密市场出现反弹，但市场情绪依然谨慎。本周早些时候，比特币的抛售伴随着周末流动性减少及宏观市场紧张情绪的溢出，放大价格的波动。更广泛的市场仍在消化企业资产负债表相关的担忧，包括与 Strategy 相关的 ETF 出现的急剧回撤，以及 MSCI 方法论审查的待定，这些因素在近期交易中抑制了风险偏好。 周二的上涨受到若干增量催化因素推动。美国 SEC 主席 Paul Atkins 表示，SEC 计划公布拟议的数字资产公司「创新豁免」框架，被市场视为在数月停滞的政策制定之后迈向监管明晰的一步。此外，先锋集团（Vanguard）本周宣布允许在其平台上交易加密资产的 ETF 和共同基金，也在长期资金流出后提振了市场情绪。 然而，从反弹的结构来看，这主要是一个缓解压力的反应，而非趋势性的转变。市场深度仍不均衡，多种主流代币正从数周低点恢复。下一步的考验是，一旦衍生品市场从清算周期中恢复，现货需求能否支撑住这一轮反弹。,BlockBeats,监管,https://www.theblockbeats.info/flash/322823,2025-12-08T06:41:54.317827+00:00
2025/12/03,Binance联合创始人何一出任联合首席执行官，平台注册用户近3亿,BlockBeats 消息，12 月 3 日，Binance 在 Binance 区块链周活动现场宣布，公司联合创始人何一正式出任联合首席执行官。 Binance 联合首席执行官 Richard Teng 表示：「自 Binance 成立以来，何一始终是核心管理团队的重要成员。她的创新思维和以用户为中心的理念在不断推进和塑造公司的愿景、文化以及自下而上的业务战略均发挥了关键作用。此次任命是水到渠成，她将继续推动公司不断成长。」 Richard 进一步补充说道：「我们始终致力于成为全球最值得信赖、最合规的交易平台，并坚持用户至上。何一在壮大社区、推动产品创新方面具有关键作用，这对于我们实现十亿用户的目标至关重要。未来，我们将继续专注于建设 Web3 基础设施、推动金融自由，并赋能更多人参与到一个更加开放、公平的金融体系。」 何一表示：「能够与 Richard 携手合作，我深感荣幸。他在受监管金融市场拥有数十年的丰富经验，也是最早参与加密行业的金融监管者之一。我们拥有多元的视角，也对在行业关键时刻共同引领未来充满信心。我们将继续在全球范围内稳健拓展业务，以负责任的方式推动可持续创新，始终将用户置于核心位置。」,BlockBeats,"监管, 合规",https://www.theblockbeats.info/flash/322828,2025-12-08T06:41:53.623637+00:00
2025/12/03,Binance将下架FIS、REI和VOXEL,BlockBeats 消息，12 月 3 日，据官方消息，Binance 将于 2025 年 12 月 17 日 11:00（东八区时间）停止交易并下架 StaFi (FIS)、REI Network (REI) 和 Voxies (VOXEL)。,BlockBeats,下架,https://www.theblockbeats.info/flash/322832,2025-12-08T06:41:53.005078+00:00
2025/12/03,自Binance下架公告发布以来，FIS上涨5.20%，VOXEL上涨5.83%,BlockBeats 消息，12 月 3 日，Binance 于今日 14:29 宣布将下架 FIS、REI、VOXEL，自下架公告发布以来，上述币种涨跌情况如下： FIS 上涨 5.20%； REI 下跌 1.31%； VOXEL 上涨 5.83%。,BlockBeats,下架,https://www.theblockbeats.info/flash/322836,2025-12-08T06:41:52.293872+00:00
2025/12/03,加密市场11月份整体因钓鱼攻击损失777万美元，受害者超6300名,"BlockBeats 消息，12 月 3 日，Scam Sniffer 发布 2025 年 11 月钓鱼攻击报告： · 11 月损失总额：777 万美元 | 受害者人数：6,344 · 与 10 月相比：损失增加 137% | 受害者人数下降 42% 11 月相比 10 月损失金额激增，而受害者数量下降。鲸鱼猎杀行动加剧，单笔最大损失达 122 万美元（许可签名攻击）。尽管攻击次数减少，但单个受害者损失显著增加。",BlockBeats,攻击,https://www.theblockbeats.info/flash/322868,2025-12-08T06:41:50.651751+00:00
2025/12/03,K-POP世界联盟总会长：推动2万行业中坚力量接入MOVA Chain，构建合规Web3生态,"BlockBeats 消息，12 月 3 日，韩国文化产业资深领军人物、K-POP 世界联盟总会长朴基活（Park Ki Hwal）近日宣布，将推动旗下关联的顶流嘻哈（Hip-Hop）社群逾 20,000 名核心成员全面接入 MOVA Chain 生态，此次布局被视为 K-POP 产业从「内容出海」向「价值出海」转型的关键一步。未来将直接基于 MOVA Chain 生态，深度探索门票支付、粉丝会员体系及 RWA（真实世界资产）的链上应用场景。 金融级模块化公链 MOVA Chain 具备以下核心技术优势： 高性能执行核心，满足大规模商业应用的高并发需求； 原生合规架构支持在交易前进行合规验证，解决传统公链难以满足机构监管要求的痛点； 通过统一的资产内核进行模块化资产管理。 MovaChain 以模块化设计为核心，专为支付、清算与资产发行等金融级场景打造。实测峰值性能达 110,547 TPS，确认时间低于 1.5 秒，性能处于全球领先水平。MOVA 此前完成 1 亿美元战略融资，由 Aqua1 基金会、阿联酋 GeoNova Capital（由渣打银行、多家阿联酋机构和家族办公室共同投资成立的基金）领投，多家阿布扎比顶级金融机构跟投。",BlockBeats,"监管, 合规",https://www.theblockbeats.info/flash/322896,2025-12-08T06:41:47.56693+00:00
2025/12/03,Binance Junior详解：具备家长监管功能的青少年加密储蓄账户,BlockBeats 消息，12 月 3 日，Binance 官方发文详细介绍面向家庭的加密货币应用程序 Binance Junior，支持为 6 至 17 岁（或更高，视当地法律而定）的儿童和青少年设立加密货币子账户，该账户具有家长监管功能、简单易懂的儿童友好界面，以及支持长期家庭财富规划的灵活储蓄账户。使家长能够通过一款适合家庭使用的应用程序，为孩子的财务未来进行投资。家长可向孩子发送加密货币、为其开设储蓄账户，并随时查看所有交易记录，还可一起学习加密货币知识。 今日早前 Binance CEO Richard Teng 在 Binance Blockchain Week 活动现场表示，正式推出 Binance Junior，这是一款专为 5 至 17 岁的儿童和青少年设计的产品，定位为数字金融教育与使用平台。,BlockBeats,监管,https://www.theblockbeats.info/flash/322920,2025-12-08T06:41:44.979809+00:00
2025/12/04,彭博社：Binance用户就8000万美元比特币「被盗案」获准重新提起诉讼,BlockBeats 消息，12 月 4 日，据彭博社报道，一名诈骗受害者将获得新的机会，在州法院起诉 Binance Holdings Inc.，指控其涉及价值 8000 万美元比特币被盗一案。佛罗里达州上诉法院周三作出裁决。 佛罗里达第三地区上诉法院在其裁决中指出，初审法院错误地认为其无法对 Binance 行使人身管辖权，而该案指控加密交易平台未能继续冻结被盗资金。,BlockBeats,"被盗, 诈骗",https://www.theblockbeats.info/flash/322943,2025-12-08T06:41:40.012402+00:00
2025/12/04,康涅狄格州命令Kalshi、Robinhood、Crypto.com停止体育博彩业务,BlockBeats 消息，12 月 4 日，据 CoinDesk 报道，康涅狄格州向体育赛事合约领域发起法律攻势，于周三向三家主要预测市场运营商——Robinhood、Kalshi 和 Crypto.com 发出停止侵权通知。该州消费者保护部门指控这些公司从事「无牌照的体育博彩」。 根据州政府通知，这些公司被「特此命令立即停止并终止向康涅狄格州居民宣传、提供、推广或以任何方式提供合约或其他形式的无牌照线上博彩」。 Robinhood 周三对此辩称，表示公司受到美国联邦政府监管。,BlockBeats,"监管, 牌照",https://www.theblockbeats.info/flash/322947,2025-12-08T06:41:39.383052+00:00
2025/12/04,GoPlus：11月Web3因主要安全事故造成的经济损失达1.8亿美元,"BlockBeats 消息，12 月 4 日，据 GoPlus11 月 Web3 安全数据报告，11 月，Web3 因主要安全事故造成的经济损失达 183,981,395 美元。其中 Balancer 遭攻击损失 1.28 亿美金，Upbit 被盗 3680 万美金。 安全事件类型包括智能合约漏洞、社会工程学攻击、钓鱼攻击、貔恘盘、Rugpull 等。其中智能合约漏洞造成 175,031,395 美元 的损失，发生 15 起主要事件；钓鱼攻击造成的总损失约 800 万美元，受害者人数约 7000 人。",BlockBeats,"被盗, 漏洞, 攻击",https://www.theblockbeats.info/flash/322967,2025-12-08T06:41:38.151473+00:00
2025/12/04,WEEX启动全球AI交易黑客松，设立88万美元奖池,"BlockBeats 消息，12 月 4 日，WEEX 唯客宣布已启动全球 AI 交易黑客松。活动设立 880,000 美元奖池，其中冠军将获得价值 600,000 美元奖励，包括 2024 款宾利添越 S、价值 80,000 美元的赞助礼包及 20,000 美元等值 WXT 代币。活动时间：2025 年 11 月 - 2026 年 2 月，赛程为期五周，包括：报名阶段、初赛（线下）、决赛（实盘交易）和闭幕典礼。用户拥有任何 AI 工具即可参与，报名阶段将于 2025 年 12 月 15 日截止。 本次活动吸引了来自 AI 科技、云计算及 Web3 生态的多家合作伙伴共同参与，将为参赛者提供全方位的技术、资源、工具支持与专业评审力量，助力参赛者高效完成策略设计、模型训练及方案迭代。",BlockBeats,黑客,https://www.theblockbeats.info/flash/323055,2025-12-08T06:41:31.561355+00:00
2025/12/04,Ledger研究人员发现某安卓芯片存在漏洞，使手机Web3钱包面临物理攻击风险,BlockBeats 消息，12 月 4 日，据 The Block 报道，Ledger 称，近期在一款广泛使用的安卓智能手机处理器芯片中发现漏洞，依赖软件 Web3 钱包的用户，若设备被攻击者物理接触将面临风险。其 Donjon 团队发现，硬件故障注入可绕过核心安全检查从而控制该芯片。虽然这一发现不会影响 Ledger 硬件钱包，但凸显了仅依靠智能手机热钱包保障数字资产安全的危险性。该团队对台积电生产的联发科天玑 7300 芯片进行检测，着手确定电磁故障注入是否会破坏启动过程的最早阶段。 他们利用开源工具，通过注入适时电磁脉冲干扰芯片的启动 ROM，获取其运行信息，进而识别出攻击路径。随后，团队绕过芯片写入命令中的过滤机制、覆盖启动 ROM 堆栈上的返回地址，得以在 EL3（处理器的最高权限级别）运行任意代码，且该攻击可在几分钟内重复进行。Ledger 表示，即便最先进的智能手机芯片也易受物理攻击，不适合作为保护私钥的环境，并重申安全元件对于数字资产自主保管至关重要。该漏洞已于 5 月告知联发科，供应商已通知受影响的制造商。,BlockBeats,"漏洞, 攻击",https://www.theblockbeats.info/flash/323061,2025-12-08T06:41:30.840769+00:00
2025/12/04,Meme币PEPE官网遭攻击，用户被重定向至恶意链接,BlockBeats 消息，12 月 4 日，据 Cointelegraph 报道，Meme 币 PEPE 官方网站遭攻击，目前正将用户重定向至恶意链接。 网络安全公司 Blockaid 表示：「系统检测到 Pepe 官方网站遭遇前端攻击，该网站包含 Inferno Drainer 恶意代码。」Inferno Drainer 是一套由威胁行为者使用的诈骗工具组合，包括钓鱼网站模板、钱包盗取程序及社会工程学工具。,BlockBeats,"攻击, 诈骗",https://www.theblockbeats.info/flash/323067,2025-12-08T06:41:30.199948+00:00
2025/12/04,美CFTC：现货加密货币现可在CFTC注册的交易平台进行交易,BlockBeats 消息，12 月 4 日，美国商品期货交易委员会（CFTC）代理主席 Caroline D. Pham 今日宣布，上市现货加密货币产品将首次在 CFTC 注册的期货交易平台的美国联邦监管市场启动交易。今日的公告遵循了总统数字资产市场工作组的建议，并采纳了 CFTC「加密冲刺」计划中利益相关方的见解，以及与美国证券交易委员会的合作成果。 「加密冲刺」计划还就总统数字资产市场工作组报告中与 CFTC 相关的所有其他建议启动了公开咨询。该计划的其他内容还包括：在衍生品市场启用代币化抵押品（包括稳定币），以及对 CFTC 关于抵押品、保证金、清算、结算、报告和记录保存的监管规定进行技术性修订的规则制定，以便在我们的市场中运用区块链技术和市场基础设施，包括代币化技术。 Bitnomial 将推出首个受 CFTC 监管的现货加密货币市场。Bitnomial 是美国商品期货交易委员会（CFTC）监管的几家指定合约市场（DCM）之一，其他几家包括 Coinbase、Kalshi 和 Polymarket。,BlockBeats,监管,https://www.theblockbeats.info/flash/323074,2025-12-08T06:41:29.564404+00:00
2025/12/05,意大利证券交易委员会：加密资产服务商须在12月30日前获MiCAR授权否则将停止运营,BlockBeats 消息，12 月 5 日，意大利证券市场监管局（Consob）发布公告提醒：根据欧盟《加密资产市场监管条例》（MiCAR），当前注册于意大利 OAM 的虚拟资产服务商（VASP）如欲继续运营，必须在 2025 年 12 月 30 日前提交申请，转型为受监管的加密资产服务商（CASP）。否则，自该日起将不得继续提供相关服务，最晚不得超过 2026 年 6 月 30 日。 Consob 特别提醒投资者：必须确认当前合作的 VASP 是否计划申请 CASP 牌照；检查该服务商是否在 ESMA（欧盟证券市场管理局）或 OAM 注册名录中；若服务商未获授权，投资者有权要求返还其资产。Consob 还再次敦促 VASP：未申请 CASP 授权者需在 12 月 30 日前终止运营，关闭所有合约并退还用户资金；向用户明确披露未来运营计划或退出安排。此次公告为配合 MiCAR 在欧盟的全面实施，确保市场平稳有序过渡。,BlockBeats,"监管, 牌照",https://www.theblockbeats.info/flash/323124,2025-12-08T06:41:26.061266+00:00
2025/12/05,ZachXBT：英国黑客Danny疑似已被捕，1858万美元加密资产遭到查扣,BlockBeats 消息，12 月 5 日，链上侦探 ZachXBT 在个人频道披露，英国黑客 Danny / Meech（又名 Danish Zulfiqar / Khan）疑似已被执法机构逮捕，其加密资产遭到查扣。 此前一直在追踪并锁定其身份，他涉嫌与 2024 年 8 月发生的 Genesis 债权人 2.43 亿美元加密资产被盗案有关，涉案人员还包括 Malone、Veer、Chen 和 Jeandiel。 Danny 也参与了 2023 年 8 月的 Kroll SIM 卡交换攻击事件，该事件泄露 BlockFi、Genesis 与 FTX 债权人的个人信息，此后由此引发的定向社工诈骗已造成超过 3 亿美元损失。 数小时前，ZachXBT 追踪的多个与其关联的地址将 1858 万美元加密资产合并转移至 0xb37d 开头地址，其模式与以往的执法机构资产查扣行为类似。,BlockBeats,"黑客, 被盗, 攻击, 执法, 诈骗",https://www.theblockbeats.info/flash/323125,2025-12-08T06:41:24.638318+00:00
2025/12/05,USPD协议遭遇攻击：黑客铸造9800万枚代币并盗取232枚stETH,BlockBeats 消息，12 月 5 日，去中心化稳定币协议 USPD 发推表示，其遭遇严重安全漏洞，攻击者利用「CPIMP（代理中间隐匿代理）」攻击手法在部署阶段抢先夺取代理合约管理员权限，伪装成经审计版本并潜伏数月后发起攻击，铸造约 9800 万枚 USPD 并盗取约 232 枚 stETH。 USPD 团队称此次事件并非智能合约逻辑缺陷，已向主要 CEX 上报相关地址以冻结资金，并表示若攻击者返还 90% 被盗资产，可保留 10% 作为漏洞赏金。,BlockBeats,"黑客, 被盗, 漏洞, 攻击",https://www.theblockbeats.info/flash/323129,2025-12-08T06:41:23.131286+00:00
2025/12/02,美联储理事鲍曼：寻求为银行和稳定币制定新规则以确保健康竞争,BlockBeats 消息，12 月 2 日，据彭博社报道，美联储理事鲍曼今日向众议院议员表示，她将努力为银行和稳定币制定新规则，监管机构正寻求确保华尔街、金融科技公司和加密货币公司之间保持健康竞争。鲍曼在为众议院金融服务委员会听证会准备的发言稿中表示：「作为监管者，我的职责是以负责任的方式鼓励创新，而且我们必须不断提高自身能力，以监管创新带来的安全稳健风险。新技术能够打造一个效率更高的银行业，在扩大信贷获取渠道的同时，还能让银行与金融科技和数字资产公司公平竞争。」 鲍曼还表示，她将与其他机构合作，按照《Genius 法案》的要求，为稳定币发行方制定资本和多元化监管规定。《Genius 法案》要求这些发行方正式注册登记，并持有等额美元储备。,BlockBeats,监管,https://www.theblockbeats.info/flash/322704,2025-12-05T09:05:32.244854+00:00
2025/12/04,Polymarket正式重返美国市场，推出美国版APP,BlockBeats 消息，12 月 4 日，Polymarket 推出美国版 APP，正式重返美国市场，美国居民将首次可在 Polymarket 上进行交易。使用资格正逐步覆盖候补名单用户，将首先上线体育板块，随后推出涵盖所有板块的预测市场。 此前 11 月 13 日，Polymarket 悄然以 Beta 模式在美国重新推出。2022 年 Polymarket 遭美国商品期货交易委员会（CFTC）执法，迫使公司迁往海外并导致 140 万美元罚款。2025 年 7 月，Polymarket 收购了持牌衍生品交易平台和清算所 QCX，为其在美国回归奠定了监管基础。,BlockBeats,"执法, 监管",https://www.theblockbeats.info/flash/322933,2025-12-05T09:05:16.956693+00:00
2025/12/05,美SEC就代币化监管问题举行会议，传统金融与加密企业存在分歧,BlockBeats 消息，12 月 5 日，周四，来自 Citadel Securities、Coinbase、Galaxy 等公司的高管在 SEC 投资者咨询委员会会议上探讨了这一议题。代币化可以涵盖多种不同类型的资产，但其本质是将现实世界资产上链。该委员会的任务是就监管和投资者利益向 SEC 提供建议。 贝莱德高级董事总经理兼全球市场发展主管 Samara Cohen 在会议上指出了各方观点的多样性。她表示，鉴于六人小组代表了「不同的发展路径和视角」，这样的讨论被证明是有益的，并补充说，多元化的观点反映了当下的挑战，也表明「可能不止有一种解决方案」。 周四的会议召开前一天，一些加密货币倡导者对 Citadel Securities 周三提交的一封信函产生了不满情绪。这家大型做市商因其建议 SEC 对涉及代币化证券的去中心化金融实施更严格规则，而遭到加密行业部分人士的在线抵制。 投资者咨询委员会当天早些时候还分组讨论了人工智能和公司治理议题。SEC 主席 Paul Atkins 在其准备好的讲话中重点谈及了代币化，并阐明了该机构的立场。 Paul Atkins 表示：「如果我们想在美国推动创新、投资和就业增长，就必须提供合规的途径，允许市场参与者利用这项新技术的独特能力。」,BlockBeats,"监管, 合规",https://www.theblockbeats.info/flash/323090,2025-12-05T09:05:04.607885+00:00
2025/12/03,何一：Binance要打造「基业长青」的组织系统，出任联席CEO将负责产品与文化,BlockBeats 消息，12 月 3 日，何一在 Binance 区块链周现场回应出任联席 CEO 后的分工时表示，启用联席 CEO 制度并非工作内容发生巨大变化，而是出于长远战略考量。CEO Richard Teng 主攻监管，而自己负责产品与文化，联席 CEO 制度目标打造「基业长青」的组织系统，而非依赖个人能力。Richard Teng 拥有监管背景，是合规沟通的最佳桥梁，而自己作为加密行业的 OG 将专注用户中心文化的留存、HR 及产品迭代。这就是 Binance 引入联席 CEO 的背景。其实无论在传统金融还是 Binance，COO 这个角色都很常见。我们希望达到的效果，就是 1+1>2。 今日 Binance 在 Binance 区块链周活动现场宣布，公司联合创始人何一正式出任联合首席执行官。,BlockBeats,"监管, 合规",https://www.theblockbeats.info/flash/322910,2025-12-05T09:03:52.252692+00:00
2025/12/02,派盾：借贷协议Goldfinch用户deltatiger.eth遭受攻击，损失约33万美元,BlockBeats 消息，12 月 2 日，据派盾监测，DeFi 借贷协议 Goldfinch 的一位用户 deltatiger.eth 遭受攻击，损失约 33 万美元。攻击者已将其中 118 枚 ETH 被盗资金存入 Tornado Cash。,BlockBeats,"被盗, 攻击",https://www.theblockbeats.info/flash/322699,2025-12-05T09:03:27.521163+00:00
2025/12/04,ANT.FUN今日正式获得加拿大MSB牌照,BlockBeats 消息，12 月 4 日，去中心化交易平台 ANT.FUN 今日正式获得 加拿大 MSB（Money Services Business）牌照，标志着平台在全球合规化布局上迈出关键一步。这一里程碑不仅提升了平台在北美市场的合规资质，也为其未来拓展全球业务奠定了坚实基础。 加拿大 MSB 牌照是全球数字资产行业中含金量极高的合规资质之一，受加拿大 FINTRAC 监管。持牌机构需满足严格的反洗钱（AML）与反恐融资（CTF）要求，因此获得 MSB 许可意味着 ANT.FUN 在风控体系、安全运营和合规建设方面已达到国际标准。 ANT.FUN 作为新一代去中心化交易平台，一直坚持安全透明、合规先行的建设理念。本次获批不仅彰显了团队长期投入的专业能力，也表明其在全球监管框架下积极自律、稳健发展的决心。 ANT.FUN 此前已经获得美国 SMB，STO 及 RIA 牌照，随着加拿大 MSB 牌照的取得，ANT.FUN 的国际化道路将更加顺畅，其在服务全球用户、构建可信 Web3 金融生态方面也将更具竞争力。,BlockBeats,"监管, 洗钱, 合规, 牌照, 风控",https://www.theblockbeats.info/flash/322993,2025-12-05T09:03:24.383037+00:00
2025/12/03,中国台湾地区首个受监管稳定币预计明年推出,BlockBeats 消息，12 月 3 日，据 CoinDesk 报道，中国台湾地区可能在 2026 年下半年迎来首个本地发行的稳定币，但监管机构尚未决定该代币将锚定新台币还是美元，这一选择将决定该项目对台湾货币管控的挑战程度。 台湾金融监督管理委员会（FSC）主席彭金龙 本周向立法委员表示，《虚拟资产服务法草案》已通过初步内阁审查，预计下次会议可通过第三读，并将在六个月内推出针对稳定币的具体监管规定，使最早可能在 2026 年底上线。 彭金龙指出，立法并未限制发行方必须为银行，但 FSC 与台湾央行已达成共识，初期发行将由金融机构主导。目前尚不明确的是稳定币的锚定货币：稳定币是一种价值与法币或其他真实资产挂钩的数字代币。彭金龙表示，该稳定币可能锚定 美元 或 新台币，具体取决于市场需求，但尚未做出最终决定。 若锚定美元，该稳定币将绕过台湾金融体系最棘手的问题——新台币严格的境外使用限制。台湾货币法律上不能在境外流通，央行长期监管任何未与岛内直接关联的交易尝试。而稳定币天生便于跨境结算，这一特性可能冲击台湾几十年来维持货币在岸流通及防止非官方境外定价的努力。 目前，监管机构正在起草规则，要求完全储备支持、资产严格隔离及本地托管。,BlockBeats,监管,https://www.theblockbeats.info/flash/322865,2025-12-05T09:02:57.37183+00:00
2025/12/03,慢雾：警惕Solana钱包Owner权限篡改攻击,BlockBeats 消息，12 月 3 日，慢雾安全团队发布一起安全预警案例，某用户近日遭遇钓鱼攻击，账户 Owner 权限被转移，试图撤销授权却无法完成，该用户已有价值超 300 万美元资产被盗，另外价值约 200 万美元资产存于 DeFi 协议中但无法转移（目前该部分价值约 200 万美元的资产已在相关 DeFi 的协助下援救成功）。这起攻击并非传统意义的「授权被盗」，而是核心权限（Owner 权限）被攻击者替换，导致受害者转账、撤销授权或操作 DeFi 资产无法进行，资金「显示正常」但已无法控制。 攻击者利用两种反直觉场景成功诱骗用户点击： 1、通常交易签名时，钱包会模拟运行交易的执行结果，如果有资金变化将会显示在交互界面上，而攻击者精心构造的交易没有资金变化； 2、传统的以太坊 EOA 账号是私钥控制所有权，主观上不清楚 Solana 存在可以修改账号所有权的特性； 慢雾提醒，用户授权签名时应当警惕，确认其中是否隐藏有修改 Owner 等高危权限的操作。,BlockBeats,"被盗, 攻击",https://www.theblockbeats.info/flash/322883,2025-12-05T09:02:56.823185+00:00
2025/12/03,何一：Binance上架Meme寻求在「足够多交易标的」和「平台风控」间动态平衡,BlockBeats 消息，12 月 3 日，Binance 联席 CEO 何一在今日采访中谈及「Binance 在 Meme 币方面的规划」，其表示「从交易平台的角度，不希望大家紧盯我的推特发行新 Meme，这会让我压力很大，随意抛出的梗有可能变成代币。上涨了大家开心，跌了也会有指责的声音，有时因此限制了表达。但说到底，大家并不在乎 Meme 由谁发行，也不在乎它叫何一、叫小狗还是小猪，真正需要的只是一个承载情绪、可以交易的标的而已。」 「从 Binance 的角度，当然希望每一个上架的代币都能上涨，也希望它们最好永远不要下跌，但这不现实。Binance 会尽量和项目方沟通，比如能不能将 TGE 定价降低，或者多拿一部分为用户提供空投。结果某些项目方因此表示 Binance『黑心肠，要那么多币去空投』，最终变为『天价上币费』的传言。」 「有些 Meme 几乎不存在基本面，个人判断早晚将下跌，但用户愿意为此买入和交易。如果 Binance 完全不满足这类需求就会丢掉市场份额，最后只能在『给用户足够多的交易标的』和『平台自身的风控要求』之间做出动态平衡，这本身就是一场持续博弈。」,BlockBeats,风控,https://www.theblockbeats.info/flash/322931,2025-12-05T09:02:55.646693+00:00
